id,created_at,description,name,updated_at
1,2022-01-01 00:00:00,技术分享,技术,2022-01-01 00:00:00
2,2022-01-02 00:00:00,生活记录,生活,2022-01-02 00:00:00
3,2022-01-03 00:00:00,读书笔记,读书,2022-01-03 00:00:00
4,2022-01-04 00:00:00,旅行日记,旅行,2022-01-04 00:00:00
5,2022-01-05 00:00:00,美食分享,美食,2022-01-05 00:00:00
6,2022-01-06 00:00:00,电影评论,电影,2022-01-06 00:00:00
7,2022-01-07 00:00:00,音乐分享,音乐,2022-01-07 00:00:00
8,2022-01-08 00:00:00,游戏讨论,游戏,2022-01-08 00:00:00
9,2022-01-09 00:00:00,健康生活,健康,2022-01-09 00:00:00
10,2022-01-10 00:00:00,教育资源,教育,2022-01-10 00:00:00

